,city,Cloundiness,Country,Date,Humidity,Latitude,Longitude,Max Temp,Wind Speed
0,jijiga,35,ET,1665350250,70,9.35,42.8,64.13,4.45
1,ushuaia,40,AR,1665349883,81,-54.8,-68.3,44.26,14.97
2,lakes entrance,7,AU,1665350251,76,-37.8811,147.981,47.16,6.04
3,hobart,40,AU,1665349971,81,-42.8794,147.3294,49.05,10.36
4,kokkola,0,FI,1665350127,96,63.8385,23.1307,46.92,8.05
5,albany,85,US,1665350070,59,42.6001,-73.9662,58.23,8.39
6,buin,0,CL,1665350251,22,-33.7333,-70.75,79.12,6.42
7,kahului,40,US,1665350251,74,20.8947,-156.47,86.02,10.36
8,pevek,100,RU,1665350251,70,69.7008,170.3133,26.31,24.49
9,saint-pierre,0,RE,1665350071,73,-21.3393,55.4781,68.92,4.61
10,new norfolk,64,AU,1665350077,71,-42.7826,147.0587,48.7,1.01
11,boende,32,CD,1665350252,96,-0.2167,20.8667,71.04,1.07
12,lagoa,0,PT,1665350252,93,39.05,-27.9833,70.56,11.81
13,cape town,89,ZA,1665349798,76,-33.9258,18.4232,64.27,1.99
14,sao bento do sul,92,BR,1665350252,97,-26.2503,-49.3786,56.25,6.89
15,hilo,20,US,1665350077,68,19.7297,-155.09,91.27,9.22
16,rikitea,2,PF,1665350076,72,-23.1203,-134.9692,71.44,13.98
17,susurluk,97,TR,1665350210,81,39.9136,28.1578,60.84,2.44
18,daru,58,PG,1665350253,88,-9.0763,143.2092,79.66,10.36
19,mataura,100,NZ,1665350069,69,-46.1927,168.8643,51.57,4.34
20,puerto ayora,74,EC,1665350253,85,-0.7393,-90.3518,76.96,7.0
21,sao filipe,17,CV,1665350253,74,14.8961,-24.4956,78.33,9.89
22,novikovo,100,RU,1665350254,68,51.1537,37.8879,54.34,1.66
23,santa isabel do rio negro,63,BR,1665350254,37,-0.4139,-65.0192,94.53,3.69
24,port alfred,55,ZA,1665350077,92,-33.5906,26.891,60.19,8.75
25,luderitz,70,NA,1665350255,68,-26.6481,15.1594,63.99,2.89
26,merauke,96,ID,1665350255,90,-8.4667,140.3333,78.3,9.48
27,shimanovsk,22,RU,1665350255,61,52.0,127.7,27.79,1.81
28,atuona,8,PF,1665350080,68,-9.8,-139.0333,76.87,18.21
29,ilulissat,75,GL,1665350255,63,69.2167,-51.1,19.42,3.44
30,talnakh,100,RU,1665350255,98,69.4865,88.3972,32.81,9.08
31,sumbawanga,20,TZ,1665350256,38,-7.9667,31.6167,63.37,4.59
32,cejkovice,84,CZ,1665350256,67,48.9059,16.9423,51.08,5.84
33,bukachacha,72,RU,1665350256,68,52.9833,116.9167,26.89,2.66
34,leningradskiy,67,RU,1665350256,74,69.3833,178.4167,16.59,14.83
35,qaqortoq,100,GL,1665350256,92,60.7167,-46.0333,36.19,17.31
36,voiron,100,FR,1665350257,95,45.3639,5.5921,60.21,3.4
37,tres arroyos,35,AR,1665350257,30,-38.3739,-60.2798,58.17,12.44
38,australind,100,AU,1665350257,84,-33.2667,115.7167,53.96,8.41
39,fortuna,0,US,1665350257,77,40.5982,-124.1573,63.52,6.91
40,bonthe,93,SL,1665350257,86,7.5264,-12.505,77.88,4.52
41,quesnel,0,CA,1665350258,72,52.9999,-122.5029,57.7,0.0
42,bethel,20,US,1665350080,54,41.3712,-73.414,62.96,10.36
43,pisco,0,PE,1665350259,60,-13.7,-76.2167,68.05,10.36
44,victoria,40,HK,1665350080,62,22.2855,114.1577,73.33,21.0
45,upernavik,62,GL,1665350071,71,72.7868,-56.1549,14.4,5.48
46,iqaluit,75,CA,1665350259,74,63.7506,-68.5145,29.93,5.75
47,okha,10,RU,1665350259,84,53.5739,142.9478,32.13,7.61
48,yar-sale,100,RU,1665350259,95,66.8333,70.8333,42.28,13.58
49,bengkulu,100,ID,1665350259,88,-3.8004,102.2655,75.13,4.54
50,beringovskiy,4,RU,1665350260,47,63.05,179.3167,30.79,6.33
51,busselton,100,AU,1665349990,74,-33.65,115.3333,55.72,14.76
52,puntarenas,100,CR,1665350260,90,9.9763,-84.8384,75.58,7.9
53,chicama,94,PE,1665350260,63,-7.8447,-79.1469,59.54,9.08
54,katsuura,100,JP,1665350260,92,35.1333,140.3,71.01,16.37
55,tevriz,34,RU,1665350237,87,57.509,72.4042,38.57,5.23
56,hermanus,94,ZA,1665350072,91,-34.4187,19.2345,61.81,9.42
57,qui nhon,100,VN,1665350227,91,13.7667,109.2333,76.44,12.93
58,faya,2,SA,1665350261,22,18.3851,42.4509,63.12,6.44
59,bambous virieux,75,MU,1665350261,78,-20.3428,57.7575,71.22,11.5
60,calabozo,100,VE,1665350261,96,8.9242,-67.4293,75.42,4.45
61,benguela,68,AO,1665350261,79,-12.5763,13.4055,73.69,1.77
62,faanui,6,PF,1665350262,74,-16.4833,-151.75,78.67,18.39
63,longyearbyen,75,SJ,1665350071,75,78.2186,15.6401,37.24,14.97
64,hasaki,100,JP,1665350262,92,35.7333,140.8333,59.4,11.01
65,misratah,0,LY,1665350262,66,32.3754,15.0925,75.2,14.29
66,kapaa,0,US,1665350262,63,22.0752,-159.319,84.47,8.05
67,peoria,0,US,1665350263,33,40.7667,-89.7668,74.41,13.71
68,port elizabeth,84,ZA,1665349882,95,-33.918,25.5701,64.31,1.01
69,chokurdakh,100,RU,1665349833,93,70.6333,147.9167,18.86,11.79
70,mayna,89,RU,1665350263,76,54.1135,47.6231,46.24,8.39
71,waingapu,100,ID,1665350263,72,-9.6567,120.2641,80.64,2.26
72,jamestown,100,US,1665350069,44,42.097,-79.2353,57.52,16.11
73,lebu,0,CL,1665350263,72,-37.6167,-73.65,51.35,25.32
74,ponta do sol,58,PT,1665350263,55,32.6667,-17.1,68.63,3.85
75,yellowknife,75,CA,1665350078,87,62.456,-114.3525,46.92,16.11
76,sinnamary,81,GF,1665350263,80,5.3833,-52.95,81.41,11.61
77,sobolevo,16,RU,1665350069,93,54.4299,31.8996,43.41,8.52
78,westport,40,US,1665350264,51,41.1415,-73.3579,64.22,10.36
79,sitka,100,US,1665350264,94,57.0531,-135.33,55.29,8.05
80,bol,3,TD,1665350264,46,13.4586,14.7147,85.95,7.96
81,bluff,100,NZ,1665350264,71,-46.6,168.3333,51.39,11.95
82,tuktoyaktuk,75,CA,1665350264,100,69.4541,-133.0374,35.6,2.3
83,storforshei,75,NO,1665350264,100,66.4043,14.5233,42.66,2.3
84,stornoway,75,GB,1665350264,88,58.2093,-6.3865,46.92,13.8
85,hofn,80,IS,1665350265,62,64.2539,-15.2082,42.19,32.17
86,asau,99,RO,1665350265,82,46.4333,26.4,52.72,3.96
87,kodiak,0,US,1665350265,37,57.79,-152.4072,49.51,25.32
88,kiyasovo,89,RU,1665350265,83,56.3491,53.1244,46.06,11.3
89,sao joao da barra,90,BR,1665350265,84,-21.6403,-41.0511,77.09,21.43
90,srednekolymsk,94,RU,1665350265,72,67.45,153.6833,16.97,10.11
91,barrow,100,US,1665350076,69,71.2906,-156.7887,33.82,4.61
92,mamou,62,GN,1665350266,94,10.5,-12.0,69.12,0.92
93,kribi,33,CM,1665350266,88,2.95,9.9167,77.31,4.74
94,aras,0,ES,1665350266,72,42.5617,-2.356,57.63,1.14
95,cidreira,100,BR,1665350075,55,-30.1811,-50.2056,58.05,8.97
96,avarua,75,CK,1665350078,83,-21.2078,-159.775,73.45,16.11
97,arraial do cabo,75,BR,1665350266,88,-22.9661,-42.0278,75.06,9.22
98,douglas,0,US,1665350266,30,41.3,-96.167,78.6,11.5
99,benjamin aceval,100,PY,1665350266,70,-24.9667,-57.5667,55.6,10.56
100,port macquarie,93,AU,1665350266,74,-31.4333,152.9167,59.72,4.45
101,vardo,100,NO,1665350267,81,70.3705,31.1107,40.98,17.27
102,hamilton,0,US,1665350267,37,39.1834,-84.5333,65.75,11.5
103,obzor,13,BG,1665350268,63,42.8167,27.8833,61.27,5.35
104,dikson,100,RU,1665350268,97,73.5069,80.5464,33.15,19.35
105,butaritari,20,KI,1665350268,72,3.0707,172.7902,82.04,13.02
106,broome,100,US,1665350268,65,42.2506,-75.833,58.69,8.05
107,tanabe,95,JP,1665350268,93,33.7333,135.3667,72.19,9.24
108,vestmannaeyjar,8,IS,1665350269,69,63.4427,-20.2734,39.06,41.96
109,gaeta,100,IT,1665350269,86,41.2183,13.5628,63.75,7.61
110,ocos,100,GT,1665350269,75,14.5094,-92.1933,89.78,6.51
111,mirskoy,80,RU,1665350269,91,45.5439,40.3998,60.26,6.13
112,oussouye,68,SN,1665350269,86,12.485,-16.5469,80.69,4.94
113,camacupa,80,AO,1665350269,25,-12.0167,17.4833,66.58,2.26
114,port hardy,100,CA,1665350269,100,50.6996,-127.4199,50.18,3.44
115,portland,0,US,1665350270,41,45.5234,-122.6762,86.77,8.05
116,uyovu,100,TZ,1665350270,61,-3.2833,31.5258,71.08,3.36
117,geraldton,75,AU,1665350270,82,-28.7667,114.6,63.01,11.5
118,kaitangata,100,NZ,1665350079,65,-46.2817,169.8464,53.89,4.43
119,tiksi,71,RU,1665350270,96,71.6872,128.8694,11.59,8.48
120,saint-philippe,8,RE,1665350078,76,-21.3585,55.7679,67.59,10.11
121,matagami,0,CA,1665350270,75,49.7502,-77.6328,39.31,10.36
122,gravenhurst,100,CA,1665350270,71,44.9168,-79.3663,53.55,8.05
123,thompson,100,CA,1665350081,39,55.7435,-97.8558,55.0,9.24
124,roald,75,NO,1665350270,51,62.5833,6.1333,58.12,14.97
125,punta arenas,0,CL,1665350072,57,-53.15,-70.9167,50.11,51.79
126,esperance,100,AU,1665350070,89,-33.8667,121.9,56.35,2.51
127,rassvet,100,RU,1665350271,65,46.8333,40.75,63.21,11.48
128,zambezi,12,ZM,1665350271,27,-13.5432,23.1047,68.02,6.11
129,east london,59,ZA,1665350069,75,-33.0153,27.9116,67.15,5.46
130,luanda,20,AO,1665350084,88,-8.8368,13.2343,75.2,9.22
131,vila franca do campo,25,PT,1665350272,91,37.7167,-25.4333,74.19,5.44
132,tura,32,IN,1665350272,96,25.5198,90.2201,71.83,3.49
133,dingle,100,PH,1665350081,91,10.9995,122.6711,75.52,4.56
134,aksu,9,CN,1665350272,33,41.1231,80.2644,56.26,2.89
135,abu dhabi,0,AE,1665350149,65,24.4667,54.3667,84.22,3.44
136,uruguaiana,0,BR,1665350272,36,-29.7547,-57.0883,62.53,13.8
137,hualmay,55,PE,1665350272,74,-11.0964,-77.6139,66.27,11.7
138,chukhloma,100,RU,1665350273,93,58.7525,42.6825,46.49,4.76
139,goderich,87,CA,1665350273,67,43.7501,-81.7165,58.91,5.75
140,teya,99,RU,1665350273,96,60.3778,92.6267,36.99,2.62
141,hefei,0,CN,1665350273,87,31.8639,117.2808,44.62,4.47
142,kajaani,0,FI,1665350273,87,64.2273,27.7285,37.45,8.05
143,castro,88,BR,1665350081,82,-24.7911,-50.0119,66.15,5.32
144,adre,77,TD,1665350274,59,13.4667,22.2,78.98,7.05
145,dhidhdhoo,94,MV,1665350274,81,6.8833,73.1,80.28,14.5
146,nanortalik,100,GL,1665350069,93,60.1432,-45.2371,39.31,16.15
147,buluang,96,PH,1665350275,93,13.3068,123.3425,75.42,2.95
148,comodoro rivadavia,0,AR,1665350117,21,-45.8667,-67.5,67.86,16.11
149,vaini,75,TO,1665350276,88,-21.2,-175.2,75.36,13.8
150,namatanai,98,PG,1665350277,64,-3.6667,152.4333,79.84,7.0
151,tual,100,ID,1665350277,73,-5.6667,132.75,83.46,14.52
152,goure,27,NE,1665350277,17,13.9835,10.2704,89.15,9.01
153,khatanga,34,RU,1665350277,95,71.9667,102.5,0.28,3.91
154,salalah,99,OM,1665350078,70,17.0151,54.0924,75.27,2.3
155,carnarvon,4,AU,1665350277,72,-24.8667,113.6333,64.29,19.86
156,najran,10,SA,1665350277,21,17.4924,44.1277,70.48,3.33
157,cabo san lucas,0,MX,1665350070,55,22.8909,-109.9124,94.6,3.44
158,varhaug,71,NO,1665350278,83,58.6147,5.6457,54.95,26.78
159,rodino,100,RU,1665350278,81,52.5,80.25,47.16,12.03
160,linxia,100,CN,1665350278,51,35.6003,103.2064,40.68,1.95
161,port blair,40,IN,1665350279,94,11.6667,92.75,77.04,2.3
162,gberia fotombu,100,SL,1665350279,97,9.8833,-11.1667,69.98,1.43
163,heishan,100,CN,1665350279,93,41.6892,122.1128,33.67,24.96
164,biloxi,0,US,1665350279,26,30.396,-88.8853,82.45,5.75
165,lompoc,0,US,1665350279,74,34.6391,-120.4579,85.01,11.5
166,lavrentiya,4,RU,1665350279,58,65.5833,-171.0,29.44,10.22
167,atasu,75,KZ,1665350279,63,48.6814,71.6433,42.35,7.67
168,quatre cocos,85,MU,1665350122,62,-20.2078,57.7625,71.1,13.18
169,vestmanna,75,FO,1665350280,81,62.1564,-7.1664,45.52,21.85
170,kayes,100,ML,1665350280,64,14.0,-11.0,83.41,2.33
171,kommunisticheskiy,100,RU,1665350280,86,61.6789,64.4819,45.41,8.88
172,laguna,0,US,1665350280,33,38.421,-121.4238,93.18,9.22
173,provideniya,20,RU,1665350072,80,64.3833,-173.3,33.37,11.01
174,cascais,100,PT,1665350280,92,38.6979,-9.4215,65.97,17.0
175,mar del plata,0,AR,1665350075,67,-38.0023,-57.5575,51.94,9.22
176,worland,0,US,1665350281,29,44.0169,-107.9554,75.67,6.91
177,port lincoln,100,AU,1665350281,80,-34.7333,135.8667,55.54,14.45
178,russell,0,US,1665350281,20,32.3502,-85.1999,76.15,6.91
179,lamar,0,US,1665350281,46,33.6668,-95.5836,80.98,6.91
180,adrar,90,MR,1665350281,26,20.5022,-10.0711,91.38,12.57
181,naas,0,IE,1665350281,100,53.2158,-6.6669,48.04,10.36
182,mahebourg,75,MU,1665350281,78,-20.4081,57.7,71.26,11.5
183,kidal,3,ML,1665350282,15,18.4411,1.4078,89.1,11.7
184,mackay,47,AU,1665350282,82,-21.15,149.2,73.69,12.53
185,kavaratti,100,IN,1665350078,80,10.5669,72.642,80.19,6.82
186,zavallya,31,UA,1665350282,84,48.2135,30.0156,51.19,11.48
187,san patricio,52,US,1665350282,42,28.017,-97.5169,89.55,14.88
188,arlit,4,NE,1665350282,15,18.7369,7.3853,88.45,16.6
189,dunedin,98,NZ,1665350284,59,-45.8742,170.5036,56.62,4.83
190,luwuk,94,ID,1665350284,84,-0.9516,122.7875,77.22,4.0
191,rheine,19,DE,1665350284,84,52.2833,7.45,51.71,8.55
192,governador valadares,38,BR,1665350284,59,-18.8511,-41.9494,80.71,4.32
193,pangnirtung,93,CA,1665350285,59,66.1451,-65.7125,27.16,1.72
194,koumac,49,NC,1665350285,70,-20.5667,164.2833,77.41,4.65
195,clyde river,0,CA,1665350285,79,70.4692,-68.5914,17.83,12.66
196,parrita,100,CR,1665350285,86,9.5201,-84.3225,76.71,7.83
197,pedernales,22,DO,1665350286,66,18.0384,-71.744,84.79,4.29
198,ikot ekpene,100,NG,1665350286,96,5.1794,7.7108,73.62,3.76
199,sioux lookout,20,CA,1665350286,45,50.1001,-91.917,44.67,2.3
200,kasempa,11,ZM,1665350286,30,-13.4584,25.8338,65.73,4.7
201,sechura,96,PE,1665350287,58,-5.5569,-80.8222,75.31,16.67
202,glarus,92,CH,1665350287,50,47.0406,9.068,59.43,8.52
203,georgetown,20,MY,1665350287,88,5.4112,100.3354,79.23,3.44
204,soyo,8,AO,1665350287,86,-6.1349,12.3689,76.28,12.3
205,nikolskoye,0,RU,1665350074,94,59.7035,30.7861,45.81,5.23
206,verkhniy fiagdon,100,RU,1665350287,86,42.8333,44.3053,43.47,7.99
207,barcelos,100,PT,1665350287,86,41.5388,-8.6151,63.84,2.06
208,bredasdorp,100,ZA,1665350076,97,-34.5322,20.0403,58.59,6.44
209,stafford,100,GB,1665350168,71,52.8052,-2.1164,55.31,15.12
210,ribeira grande,13,PT,1665350079,83,38.5167,-28.7,72.77,1.01
211,lorengau,96,PG,1665350288,68,-2.0226,147.2712,81.3,9.66
212,guerrero negro,3,MX,1665350288,63,27.9769,-114.0611,77.58,13.29
213,mahanoro,2,MG,1665350289,87,-19.9,48.8,63.97,4.72
214,lerwick,100,GB,1665350205,69,60.1545,-1.1494,51.8,19.28
215,nome,100,US,1665350289,61,64.5011,-165.4064,33.87,5.75
216,tocopilla,20,CL,1665350289,66,-22.092,-70.1979,63.46,7.87
217,cayenne,40,GF,1665350134,74,4.9333,-52.3333,84.24,11.5
218,santa maria,45,BR,1665350290,57,-29.6842,-53.8069,57.22,5.77
219,quang ngai,100,VN,1665350290,95,15.1167,108.8,74.7,5.35
220,alekseyevka,100,RU,1665350290,66,50.6309,38.6903,57.4,4.38
221,saskylakh,90,RU,1665350125,92,71.9167,114.0833,4.5,8.21
222,hervey bay,76,AU,1665350290,94,-25.2986,152.8535,67.01,3.0
223,muroto,60,JP,1665350291,86,33.2833,134.15,74.3,11.52
224,chilliwack,48,CA,1665350291,38,49.1747,-121.9443,80.91,3.44
225,kloulklubed,99,PW,1665350291,61,7.0419,134.2556,84.36,7.83
226,mehamn,75,NO,1665350291,87,71.0357,27.8492,42.75,19.57
227,qaanaaq,48,GL,1665350071,71,77.484,-69.3632,8.87,9.06
228,punta de bombon,0,PE,1665350291,72,-17.1717,-71.7931,62.64,7.02
229,purpe,100,RU,1665350292,87,64.4803,76.6897,42.3,15.93
230,nijar,0,ES,1665350292,68,36.9665,-2.206,69.66,3.44
231,lamlash,63,GB,1665350292,70,55.5336,-5.1296,49.96,13.87
232,beloha,0,MG,1665350292,87,-25.1667,45.05,71.01,6.42
233,makakilo city,100,US,1665350292,63,21.3469,-158.0858,83.61,9.22
234,vaitape,6,PF,1665350292,73,-16.5167,-151.75,78.69,18.32
235,lazarev,1,RU,1665350293,77,52.225,141.5131,40.12,5.14
236,kapiri mposhi,0,ZM,1665350293,32,-13.9652,28.6809,65.62,4.97
237,kungurtug,96,RU,1665350293,46,50.5994,97.5228,30.94,1.66
238,norman wells,27,CA,1665350070,56,65.282,-126.8329,55.81,4.38
239,praia da vitoria,75,PT,1665350293,88,38.7333,-27.0667,73.65,11.81
240,torbay,20,CA,1665350293,78,47.6666,-52.7314,51.58,10.36
241,banepa,75,NP,1665350293,94,27.6298,85.5214,66.52,2.3
242,maragogi,100,BR,1665350294,85,-9.0122,-35.2225,77.0,9.84
243,deder,44,ET,1665350294,67,9.3167,41.45,57.52,2.55
244,labuhan,100,ID,1665350294,83,-6.8844,112.2051,79.16,5.03
245,khani,100,GE,1665350294,99,41.9563,42.9566,51.37,2.71
246,high rock,46,BS,1665350294,73,26.6208,-78.2833,78.82,6.38
247,chihuahua,37,MX,1665350294,49,28.5,-106.0,70.63,9.31
248,itarema,47,BR,1665350294,82,-2.9248,-39.9167,79.23,18.88
249,dayong,99,CN,1665350294,71,25.0209,118.2898,69.01,3.96
250,santa rosa,30,PH,1665350294,87,14.3122,121.1114,82.38,3.67
251,saint george,0,US,1665350295,24,37.1041,-113.5841,87.44,4.0
252,ancud,3,CL,1665350295,65,-41.8697,-73.8203,50.43,6.76
253,berlevag,75,NO,1665350295,81,70.8578,29.0864,42.8,23.02
254,nyagan,100,RU,1665350295,83,62.1406,65.3936,45.79,8.99
255,dicabisagan,63,PH,1665350295,87,17.0818,122.4157,76.8,9.04
256,wonthaggi,16,AU,1665350295,78,-38.6044,145.5913,48.81,6.38
257,yumen,0,CN,1665350295,20,40.2833,97.2,36.81,4.14
258,orange cove,0,US,1665350296,23,36.6244,-119.3137,94.24,4.61
259,richards bay,100,ZA,1665350042,80,-28.783,32.0377,71.02,21.9
260,manaus,20,BR,1665350278,40,-3.1019,-60.025,93.7,5.75
261,havre-saint-pierre,100,CA,1665350296,81,50.2334,-63.5986,43.16,2.3
262,tasiilaq,100,GL,1665350072,91,65.6145,-37.6368,33.96,6.93
263,mon,74,IN,1665350296,98,26.75,95.1,66.65,3.02
264,bandiagara,39,ML,1665350296,39,14.3501,-3.6104,88.2,6.93
265,puerto escondido,75,MX,1665350296,51,15.85,-97.0667,88.63,9.22
266,kieta,92,PG,1665350296,69,-6.2167,155.6333,80.49,1.07
267,oshnaviyeh,16,IR,1665350296,44,37.0397,45.0983,60.19,7.18
268,san juan,0,AR,1665350034,12,-31.5375,-68.5364,68.85,4.72
269,mount gambier,78,AU,1665350297,93,-37.8333,140.7667,40.91,5.75
270,bani walid,0,LY,1665350297,63,31.7566,13.9942,70.93,9.98
271,kokstad,95,ZA,1665350297,86,-30.5472,29.4241,57.42,3.38
272,sovetskiy,100,RU,1665350297,87,61.3614,63.5842,45.99,8.72
273,olafsvik,63,IS,1665350297,70,64.8945,-23.7142,37.06,22.68
274,omboue,100,GA,1665350297,88,-1.5746,9.2618,77.43,6.78
275,sur,6,OM,1665350082,56,22.5667,59.5289,80.24,5.03
276,tuatapere,100,NZ,1665350297,75,-46.1333,167.6833,52.66,6.62
277,constitucion,0,CL,1665350298,53,-35.3333,-72.4167,60.33,17.72
278,marystown,4,CA,1665350298,72,47.1666,-55.1483,50.34,10.47
279,miramar,100,US,1665350298,90,25.9873,-80.2323,82.42,5.75
280,bubaque,88,GW,1665350298,74,11.2833,-15.8333,81.64,5.5
281,muhos,39,FI,1665350298,91,64.808,25.9931,44.89,6.8
282,dawlatabad,0,AF,1665350298,18,36.4141,64.9053,56.66,2.24
283,kingaroy,100,AU,1665350299,94,-26.5333,151.8333,60.84,10.36
284,tiarei,21,PF,1665350299,75,-17.5333,-149.3333,82.42,14.67
285,gourcy,51,BF,1665350299,53,13.2167,-2.35,83.43,7.29
286,vostok,66,RU,1665350299,79,46.4856,135.8833,32.5,4.47
287,hellvik,79,NO,1665350299,72,59.9156,5.781,56.77,18.99
288,shakawe,0,BW,1665350300,16,-18.3667,21.85,72.46,7.34
289,hithadhoo,100,MV,1665350074,76,-0.6,73.0833,81.43,16.15
290,brae,100,GB,1665350300,68,60.3964,-1.353,50.77,22.24
291,petropavlovsk-kamchatskiy,40,RU,1665350300,69,53.0452,158.6483,34.39,2.24
292,sangar,100,RU,1665350125,93,63.9242,127.4739,26.74,12.1
293,yarim,16,YE,1665350300,57,14.298,44.3779,55.38,1.59
294,zharkent,100,KZ,1665350300,38,44.1628,80.0,54.86,4.54
295,riyadh,0,SA,1665349898,14,24.6877,46.7219,77.14,7.34
296,yanam,100,IN,1665350301,95,16.7333,82.2167,76.08,4.74
297,uspenka,100,UA,1665350301,64,48.3903,39.1619,61.0,6.2
298,bongaree,100,AU,1665350301,79,-27.0797,153.1586,68.14,23.17
299,bonavista,0,CA,1665350301,71,48.6499,-53.1147,52.57,6.42
300,lashio,31,MM,1665350302,99,22.9333,97.75,64.96,1.45
301,vitim,100,RU,1665350302,97,59.4511,112.5578,35.62,9.69
302,chino valley,40,US,1665350302,37,34.7575,-112.4538,76.68,4.61
303,avera,98,US,1665350302,50,33.194,-82.5271,76.37,2.77
304,mumford,80,GH,1665350302,88,5.2618,-0.759,77.0,7.81
305,mount isa,12,AU,1665350302,34,-20.7333,139.5,65.97,8.05
306,airai,100,TL,1665350302,79,-8.9266,125.4092,60.3,2.75
307,harnosand,100,SE,1665350303,73,62.6323,17.9379,50.0,10.04
308,samarai,59,PG,1665350303,79,-10.6167,150.6667,81.55,9.19
309,moerai,60,PF,1665350303,77,-22.4333,-151.3333,72.46,23.94
310,juba,35,SS,1665350303,84,4.8517,31.5825,70.83,3.04
311,saint-augustin,100,CA,1665350303,67,51.226,-58.6502,44.55,15.99
312,nuuk,100,GL,1665350273,86,64.1835,-51.7216,30.81,20.71
313,gweru,0,ZW,1665350304,27,-19.45,29.8167,69.67,9.64
314,la ronge,40,CA,1665350304,32,55.1001,-105.2842,68.25,10.36
315,ponta pora,100,BR,1665350304,88,-22.5361,-55.7256,64.31,8.05
316,maldonado,22,UY,1665350304,62,-34.6667,-54.9167,56.23,6.67
317,oranjemund,98,NA,1665350305,85,-28.55,16.4333,59.99,7.36
318,ahuimanu,75,US,1665350305,65,21.4447,-157.8378,84.78,9.22
319,new glasgow,73,CA,1665350305,54,45.5834,-62.6486,54.79,9.35
320,bagotville,88,AU,1665350305,99,-28.9833,153.4167,59.63,10.33
321,kruisfontein,88,ZA,1665350305,91,-34.0033,24.7314,60.89,4.12
322,acapulco,75,MX,1665350305,70,16.8634,-99.8901,87.62,10.36
323,poum,48,NC,1665350305,75,-20.2333,164.0167,76.78,16.96
324,sao sebastiao,100,BR,1665350305,97,-23.76,-45.4097,70.39,1.43
325,wanning,57,CN,1665350305,87,18.8003,110.3967,75.18,16.17
326,gat,0,IL,1665350062,62,31.61,34.7642,70.48,3.42
327,atherton,91,GB,1665350306,87,53.5237,-2.4935,55.74,4.0
328,harper,1,LR,1665350306,87,4.375,-7.7169,77.31,5.17
329,mountrath,36,IE,1665350306,91,52.9989,-7.4728,45.88,6.85
330,gorin,14,RU,1665350306,94,51.1983,136.6669,31.84,2.46
331,port augusta,100,AU,1665350306,45,-32.5,137.7667,55.36,5.21
332,chauk,25,MM,1665350306,81,20.8833,94.8167,79.36,3.83
333,acarau,55,BR,1665350306,81,-2.8856,-40.12,79.66,21.14
334,christchurch,3,NZ,1665350307,58,-43.5333,172.6333,59.95,3.44
335,aklavik,100,CA,1665350307,87,68.2191,-135.0107,36.54,13.4
336,vrchlabi,6,CZ,1665350307,92,50.627,15.6094,44.69,2.66
337,hede,33,CN,1665350307,50,33.7681,120.2517,46.13,10.71
338,biasong,95,PH,1665350307,87,10.5229,123.736,80.53,4.41
339,maroantsetra,4,MG,1665350307,86,-15.4333,49.7333,65.46,3.31
340,saldanha,100,ZA,1665350307,87,-33.0117,17.9442,61.48,12.35
341,souillac,75,MU,1665350307,78,-20.5167,57.5167,70.18,11.5
342,diffa,27,NE,1665350308,19,13.3154,12.6113,87.37,7.65
343,egvekinot,1,RU,1665350308,67,66.3167,-179.1667,14.0,4.94
344,kendari,96,ID,1665350308,93,-3.945,122.4989,74.8,3.44
345,katobu,100,ID,1665350308,92,-4.9408,122.5276,76.17,3.0
346,namibe,27,AO,1665350308,87,-15.1961,12.1522,68.05,6.64
347,whitehorse,75,CA,1665350308,54,60.7161,-135.0538,61.02,23.02
348,chimoio,0,MZ,1665350308,88,-19.1164,33.4833,67.86,1.86
349,te anau,100,NZ,1665350309,85,-45.4167,167.7167,50.49,6.85
350,sabang,99,ID,1665350309,77,5.8933,95.3214,81.09,10.25
351,hami,0,CN,1665350310,19,42.8,93.45,52.02,2.95
352,severo-kurilsk,85,RU,1665350024,75,50.6789,156.125,45.1,13.56
353,ballina,99,AU,1665350310,99,-28.8667,153.5667,59.77,12.41
354,maningrida,61,AU,1665350310,77,-12.0667,134.2667,77.29,6.91
355,baton rouge,0,US,1665350310,34,30.4508,-91.1545,85.89,5.75
356,nara,96,JP,1665350310,96,34.6851,135.8049,66.7,2.68
357,bilma,1,NE,1665350310,18,18.6853,12.9164,84.0,4.03
358,kenai,100,US,1665350310,84,60.5544,-151.2583,46.45,5.75
359,kulhudhuffushi,94,MV,1665350311,81,6.6221,73.07,80.13,14.36
360,tilichiki,100,RU,1665350311,66,60.4667,166.1,33.01,2.04
361,marabba,1,SD,1665350311,71,12.35,32.1833,77.63,8.14
362,kokopo,67,PG,1665350311,72,-4.352,152.2633,78.17,1.77
363,touros,30,BR,1665350311,85,-5.1989,-35.4608,77.68,13.09
364,manokwari,100,ID,1665350311,76,-0.8667,134.0833,78.96,2.62
365,waddan,0,LY,1665350311,36,29.1614,16.139,73.56,8.25
366,haines junction,99,CA,1665350312,30,60.7522,-137.5108,53.55,17.27
367,ixtapa,0,MX,1665350312,66,20.7,-105.2,89.22,9.22
368,hanting,8,CN,1665350312,45,36.7708,119.2108,45.14,13.31
369,siilinjarvi,0,FI,1665350312,70,63.0833,27.6667,44.62,11.5
370,hailar,10,CN,1665350312,60,49.2,119.7,26.55,3.96
371,belaya gora,100,RU,1665350312,79,68.5333,146.4167,21.4,7.02
372,tessalit,4,ML,1665350313,15,20.1986,1.0114,89.28,10.47
373,nemuro,100,JP,1665350313,75,43.3236,145.575,56.26,24.54
374,katangli,11,RU,1665350313,77,51.7102,143.2326,35.06,7.43
375,esmeraldas,100,BR,1665350313,68,-19.7625,-44.3139,79.66,2.44
376,grand gaube,80,MU,1665350313,70,-20.0064,57.6608,71.38,5.99
377,nantucket,0,US,1665350313,61,41.2835,-70.0995,60.91,18.41
378,san jacinto,8,US,1665350313,33,33.7839,-116.9586,91.99,10.0
379,cerrito,99,CO,1665350313,94,6.8432,-72.694,56.53,1.7
380,tremedal,1,BR,1665350314,28,-14.9758,-41.4108,85.1,10.65
381,abonnema,100,NG,1665350314,89,4.7084,6.7931,76.89,4.09
382,xingtai,0,CN,1665350314,36,37.0631,114.4942,45.16,4.32
383,codrington,100,AU,1665350080,84,-38.2667,141.9667,43.7,6.2
384,morro bay,17,US,1665350314,41,35.3658,-120.8499,93.4,5.01
385,methoni,6,GR,1665350314,75,36.8197,21.7049,68.22,8.19
386,chitral,0,PK,1665350315,59,35.8462,71.7858,61.74,2.13
387,mizan teferi,99,ET,1665350315,94,6.9833,35.5833,58.8,3.36
388,piranhas,92,BR,1665350315,69,-16.4269,-51.8222,78.21,13.38
389,aripuana,67,BR,1665350079,38,-9.1667,-60.6333,92.41,3.36
390,abbeville,70,FR,1665350315,70,50.1,1.8333,49.96,7.45
391,shelburne,100,CA,1665350315,64,44.0787,-80.2041,54.75,9.69
392,taoudenni,39,ML,1665350315,12,22.6783,-3.9836,99.25,5.35
393,seoul,75,KR,1665350316,69,37.5683,126.9778,51.4,11.5
394,leshukonskoye,71,RU,1665350316,83,64.8989,45.7622,42.67,8.19
395,jizan,8,SA,1665350316,66,17.3333,42.6667,83.34,1.79
396,taunggyi,50,MM,1665350316,95,20.7833,97.0333,60.57,1.74
397,kutum,89,SD,1665350316,23,14.2,24.6667,78.08,8.12
398,biskamzha,100,RU,1665350316,91,53.4497,89.5272,42.24,7.31
399,vila,100,PT,1665350081,89,42.0304,-8.1588,51.69,3.6
400,cockburn town,1,TC,1665350317,78,21.4612,-71.1419,81.97,18.37
401,narsaq,100,GL,1665350317,96,60.9167,-46.05,39.42,12.55
402,flinders,82,AU,1665350317,89,-34.5833,150.8552,55.18,4.0
403,kyzyl-suu,55,KG,1665350317,63,42.3414,78.0056,46.44,1.39
404,padre bernardo,82,BR,1665350317,53,-15.35,-48.5,80.46,6.29
405,ingham,14,US,1665350317,50,42.6,-84.3833,64.87,14.05
406,mitu,93,CO,1665350318,68,1.1983,-70.1733,83.14,0.92
407,vanavara,96,RU,1665350318,97,60.34,102.2797,33.75,2.35
408,lanxi,17,CN,1665350318,70,29.2195,119.477,49.26,4.38
409,tiznit,1,MA,1665350318,76,29.5833,-9.5,70.36,1.54
410,deputatskiy,96,RU,1665350318,94,69.3,139.9,10.49,5.06
411,marovoay,0,MG,1665350319,57,-16.1,46.6333,72.7,7.54
412,saint anthony,75,US,1665350319,41,45.0205,-93.218,70.12,5.75
413,manadhoo,10,MV,1665350319,81,5.7667,73.3833,80.56,13.8
414,nyaunglebin,100,MM,1665350319,96,17.95,96.7333,74.28,1.86
415,tromso,75,NO,1665350320,75,69.6496,18.957,42.82,12.66
416,san borja,84,BO,1665350320,65,-14.8167,-66.85,83.48,3.27
417,calvinia,96,ZA,1665350320,24,-31.4707,19.776,69.89,7.36
418,miraflores,97,MX,1665350320,74,19.2167,-98.8083,66.96,6.15
419,alice,75,US,1665350320,45,27.7523,-98.0697,87.49,16.11
420,bang saphan,100,TH,1665350320,93,11.2126,99.5117,74.93,4.05
421,oume,100,JP,1665350320,93,35.7839,139.2431,58.24,0.0
422,humaita,87,BR,1665350321,31,-7.5061,-63.0208,95.76,4.29
423,curuca,15,BR,1665350321,80,-0.7289,-47.8481,79.18,7.05
424,kjollefjord,75,NO,1665350321,87,70.9457,27.3465,44.65,19.57
425,padang,100,ID,1665350321,79,-0.9492,100.3543,73.45,3.56
426,dragoman,99,BG,1665350321,78,42.9189,22.9317,51.91,1.83
427,leo,84,BF,1665350321,70,11.1,-2.1,78.26,7.11
428,troitsko-pechorsk,100,RU,1665350322,94,62.7084,56.1964,46.78,8.46
429,pringsewu,100,ID,1665350070,91,-5.3582,104.9744,73.4,3.62
430,severnyy,0,RU,1665350322,82,50.677,36.5532,55.44,2.24
431,calizo,100,PH,1665350322,96,11.5819,122.3857,74.98,1.99
432,derzhavinsk,7,KZ,1665350322,59,51.1,66.3167,44.11,7.0
433,ostroleka,8,PL,1665350046,75,53.0862,21.5757,40.93,2.71
434,metro,100,ID,1665350323,90,-5.1131,105.3067,74.37,5.1
435,lavumisa,65,SZ,1665350323,77,-27.31,31.892,72.12,10.09
436,baghdad,40,IQ,1665350323,36,33.3406,44.4009,80.51,11.5
437,waikuku,2,NZ,1665350323,62,-43.3,172.6833,60.04,11.86
438,katherine,91,AU,1665350323,83,-14.4667,132.2667,73.72,5.75
439,takoradi,43,GH,1665350323,89,4.8845,-1.7554,76.53,6.06
440,tsumeb,4,NA,1665350324,13,-19.2333,17.7167,78.26,7.27
441,humberto de campos,65,BR,1665350324,73,-2.5983,-43.4611,81.0,9.78
442,nizhnyaya omka,92,RU,1665350324,66,55.4338,74.9426,44.76,9.69
443,baft,0,IR,1665350324,20,29.234,56.6057,52.75,4.23
444,la ligua,0,CL,1665350324,48,-32.4524,-71.2311,65.1,7.29
445,komsomolskiy,33,UZ,1665350324,50,40.4272,71.7189,56.12,4.61
446,kalmar,0,SE,1665350325,93,56.6616,16.3616,51.96,5.75
447,volchansk,100,RU,1665350325,81,59.9378,60.081,47.25,9.8
448,yulara,5,AU,1665350325,26,-25.2406,130.9889,57.34,8.16
449,ucluelet,50,CA,1665350325,77,48.9329,-125.5528,71.91,4.0
450,cap malheureux,79,MU,1665350325,70,-19.9842,57.6142,71.47,5.99
451,fairview,0,US,1665350326,43,40.8126,-73.999,63.43,17.27
452,savannah bight,100,HN,1665350326,81,16.45,-85.85,81.9,20.94
453,bergama,85,TR,1665350326,62,39.1207,27.1805,59.52,6.73
454,yakuplu,0,TR,1665350327,82,40.9889,28.6758,58.35,3.44
455,kununurra,75,AU,1665350327,83,-15.7667,128.7333,76.98,0.0
456,kiunga,100,PG,1665350327,99,-6.1219,141.2906,73.62,0.6
457,novo aripuana,83,BR,1665350327,24,-5.1206,-60.3797,99.48,1.63
458,rio tercero,0,AR,1665350328,11,-32.173,-64.1141,67.44,10.33
459,firozabad,100,IN,1665350328,97,27.15,78.4167,71.71,9.4
460,maceio,40,BR,1665350326,83,-9.6658,-35.7353,78.24,8.05
461,sun valley,75,US,1665350328,20,39.5963,-119.776,80.82,16.11
462,japura,100,ID,1665350328,93,-0.3167,102.35,72.91,2.35
463,iwanai,100,JP,1665350328,98,42.9744,140.5089,54.91,8.75
464,zhigansk,96,RU,1665350076,96,66.7697,123.3711,25.18,9.28
465,grindavik,75,IS,1665350328,70,63.8424,-22.4338,39.67,21.85
466,sinegorye,54,RU,1665350328,88,62.0788,150.477,1.92,5.32
467,puerto del rosario,20,ES,1665350274,83,28.5004,-13.8627,73.15,16.11
468,tarakan,100,ID,1665350329,86,3.3,117.6333,77.36,5.12
469,deqing,4,CN,1665350329,68,30.5448,119.9599,47.26,5.44
470,imbituva,84,BR,1665350329,77,-25.23,-50.6044,68.23,1.81
471,columbus,0,US,1665350329,33,39.9612,-82.9988,64.92,12.66
472,sao jose da coroa grande,100,BR,1665350329,85,-8.8978,-35.1478,77.27,9.71
473,bathsheba,40,BB,1665350329,83,13.2167,-59.5167,83.01,8.05
474,aloleng,1,PH,1665350329,84,16.1307,119.7824,78.69,6.08
475,auki,17,SB,1665350329,73,-8.7676,160.7034,80.87,2.35
476,anchorage,100,US,1665350330,90,61.2181,-149.9003,40.95,16.11
477,dalvik,100,IS,1665350330,99,65.9702,-18.5286,37.33,18.84
478,uglovskoye,100,RU,1665350330,76,51.3557,80.1942,46.85,12.39
479,ihosy,0,MG,1665350330,75,-22.4,46.1167,61.45,5.61
480,porto walter,59,BR,1665350331,38,-8.2686,-72.7439,90.72,3.69
481,maracacume,59,BR,1665350331,76,-2.0428,-45.9592,80.49,3.56
482,illapel,1,CL,1665350248,43,-31.6308,-71.1653,69.01,8.43
483,sorland,100,NO,1665350331,90,67.667,12.6934,49.86,28.97
484,peace river,40,CA,1665350331,32,56.2501,-117.286,71.91,19.57
485,la brea,100,HN,1665350331,88,15.8,-85.9667,76.51,10.36
486,palmer,40,US,1665350331,50,42.1584,-72.3287,61.97,8.05
487,umea,0,SE,1665350318,81,63.8284,20.2597,46.9,4.61
488,banda aceh,97,ID,1665350332,84,5.5577,95.3222,77.94,7.87
489,pinsk,3,BY,1665350245,81,52.1229,26.0951,44.4,6.29
490,tabuk,11,PH,1665350332,91,17.4189,121.4443,70.75,2.75
491,mayumba,91,GA,1665350332,91,-3.432,10.6554,76.68,7.11
492,champerico,90,GT,1665350332,73,14.3,-91.9167,88.34,3.56
493,tateyama,100,JP,1665350333,90,34.9833,139.8667,66.99,4.99
494,udachnyy,94,RU,1665350333,98,66.4167,112.4,10.98,5.73
495,carutapera,22,BR,1665350333,84,-1.195,-46.02,78.82,8.93
496,sao felix do xingu,85,BR,1665350333,40,-6.6447,-51.995,87.71,2.46
497,mariinskiy posad,44,RU,1665350333,79,56.115,47.718,50.94,9.89
498,abay,54,KZ,1665350333,87,49.6311,72.8539,41.38,7.81
499,kaeo,100,NZ,1665350071,86,-35.1,173.7833,60.33,10.78
500,lasa,100,IT,1665350334,96,46.6166,10.7002,56.28,4.16
501,nguru,22,NG,1665350334,21,12.8791,10.4526,86.95,9.57
502,mana,28,GF,1665350334,81,5.6592,-53.7767,81.09,10.78
503,athabasca,100,CA,1665350335,29,54.7169,-113.2854,68.41,10.98
504,mogadishu,46,SO,1665350093,87,2.0371,45.3438,77.05,14.99
505,marzuq,4,YE,1665350335,60,14.4,46.4667,71.87,4.07
506,zhezkazgan,0,KZ,1665350335,56,47.8043,67.7144,44.33,4.81
507,paamiut,100,GL,1665350335,91,61.994,-49.6678,39.24,19.69
508,ishigaki,75,JP,1665350336,78,24.3448,124.1572,77.13,18.41
509,matara,12,LK,1665350336,90,5.9485,80.5353,76.48,7.65
510,ploemeur,100,FR,1665350336,85,47.7333,-3.4333,62.82,5.75
511,hambantota,24,LK,1665350336,85,6.1241,81.1185,77.94,10.6
512,chapais,88,CA,1665350336,86,49.7834,-74.8492,37.18,10.27
513,aasiaat,100,GL,1665350336,66,68.7098,-52.8699,22.53,15.23
514,ahipara,100,NZ,1665350078,67,-35.1667,173.1667,61.03,9.64
515,viedma,3,AR,1665350108,31,-40.8135,-62.9967,60.49,10.38
516,praia,40,CV,1665350065,73,14.9215,-23.5087,79.34,14.97
517,ada,0,US,1665350337,27,43.4166,-116.1262,76.23,8.01
518,tukrah,0,LY,1665350337,59,32.5341,20.5791,70.75,6.58
519,husavik,100,IS,1665350337,98,66.0449,-17.3389,35.91,41.18
520,shimoda,100,JP,1665350337,92,34.6667,138.95,62.1,4.38
521,rio grande,4,BR,1665350337,54,-32.035,-52.0986,59.11,9.64
522,ville-marie,89,CA,1665350337,67,47.3335,-79.433,37.51,8.39
523,jalu,0,LY,1665350083,42,29.0331,21.5482,71.28,6.17
524,abilene,0,US,1665350338,31,32.4487,-99.7331,84.42,8.05
525,klaksvik,61,FO,1665350072,83,62.2266,-6.589,47.32,37.47
526,harer,28,ET,1665350338,76,9.3094,42.1258,59.09,2.53
527,menongue,81,AO,1665350338,22,-14.6585,17.691,68.65,5.88
528,sisimiut,100,GL,1665350338,74,66.9395,-53.6735,26.02,7.45
529,plettenberg bay,20,ZA,1665350338,79,-34.0527,23.3716,60.13,3.94
530,goedereede,32,NL,1665350339,78,51.8175,3.9806,53.06,1.01
531,alice springs,4,AU,1665350072,45,-23.7,133.8833,44.15,0.0
532,vao,100,NC,1665350339,78,-22.6667,167.4833,73.26,21.54
533,raudeberg,91,NO,1665350339,49,61.9875,5.1352,52.95,43.66
534,manavalakurichi,100,IN,1665350339,88,8.1333,77.3,77.4,11.63
535,idenao,82,CM,1665350340,90,4.2475,9.0047,76.66,2.66
536,ketchikan,100,US,1665350340,94,55.3422,-131.6461,55.87,18.41
537,teeli,99,RU,1665350340,50,51.0333,90.2333,35.33,1.81
538,shingu,95,JP,1665350340,92,33.7333,135.9833,69.06,2.98
539,methven,100,NZ,1665350340,64,-43.6333,171.65,55.36,10.36
540,grand-santi,89,GF,1665350070,87,4.25,-54.3833,76.69,4.16
541,chuy,94,UY,1665350078,62,-33.6971,-53.4616,54.0,7.81
542,esna,0,EG,1665350342,34,25.2934,32.554,77.05,14.94
543,shu,6,KZ,1665350342,45,43.5983,73.7614,47.41,3.36
544,marrakesh,40,MA,1665350130,57,31.6315,-8.0083,75.27,10.36
545,dunmore town,24,BS,1665350343,72,25.5,-76.65,82.96,11.3
546,iquique,27,CL,1665350120,69,-20.2208,-70.1431,64.44,3.15
547,akdepe,0,TM,1665350343,38,42.0551,59.3788,50.09,12.41
548,lagos,100,NG,1665350214,86,6.5833,3.75,77.32,1.12
549,krasnoselkup,85,RU,1665350344,93,65.7,82.4667,37.27,11.23
550,koplik,71,AL,1665350344,70,42.2136,19.4364,59.38,3.42
551,dudinka,100,RU,1665350344,99,69.4058,86.1778,34.66,13.47
